{
  "50demos_epoch10": {
    "mean_return": 0.5600000023841858,
    "std_return": 2.8082735538482666,
    "per_rollout_returns": [
      0.0,
      0.0,
      0.0,
      11.0,
      0.0,
      0.0,
      0.0,
      0.0,
      0.0,
      0.0,
      0.0,
      0.0,
      0.0,
      0.0,
      0.0,
      0.0,
      0.0,
      0.0,
      0.0,
      0.0,
      0.0,
      0.0,
      0.0,
      0.0,
      0.0,
      0.0,
      0.0,
      0.0,
      0.0,
      0.0,
      0.0,
      0.0,
      0.0,
      0.0,
      0.0,
      0.0,
      0.0,
      0.0,
      0.0,
      0.0,
      0.0,
      0.0,
      0.0,
      0.0,
      0.0,
      0.0,
      0.0,
      0.0,
      0.0,
      17.0
    ],
    "gamma": 1.0,
    "horizon": 60,
    "num_rollouts": 50,
    "success_rate": 0.04
  },
  "10demos_epoch10": {
    "mean_return": 1.1399999856948853,
    "std_return": 3.3407185077667236,
    "per_rollout_returns": [
      0.0,
      0.0,
      0.0,
      0.0,
      0.0,
      0.0,
      0.0,
      0.0,
      0.0,
      0.0,
      0.0,
      0.0,
      0.0,
      0.0,
      0.0,
      0.0,
      0.0,
      0.0,
      3.0,
      0.0,
      0.0,
      0.0,
      0.0,
      0.0,
      0.0,
      0.0,
      3.0,
      0.0,
      0.0,
      0.0,
      11.0,
      11.0,
      0.0,
      0.0,
      0.0,
      5.0,
      0.0,
      0.0,
      0.0,
      0.0,
      17.0,
      0.0,
      0.0,
      0.0,
      0.0,
      0.0,
      0.0,
      0.0,
      0.0,
      7.0
    ],
    "gamma": 1.0,
    "horizon": 60,
    "num_rollouts": 50,
    "success_rate": 0.18
  },
  "200demos_epoch10": {
    "mean_return": 1.399999976158142,
    "std_return": 4.551922798156738,
    "per_rollout_returns": [
      0.0,
      3.0,
      0.0,
      0.0,
      0.0,
      0.0,
      16.0,
      0.0,
      0.0,
      0.0,
      0.0,
      0.0,
      0.0,
      0.0,
      0.0,
      0.0,
      0.0,
      0.0,
      0.0,
      0.0,
      0.0,
      0.0,
      0.0,
      18.0,
      0.0,
      0.0,
      0.0,
      0.0,
      0.0,
      0.0,
      0.0,
      0.0,
      0.0,
      0.0,
      16.0,
      0.0,
      0.0,
      0.0,
      0.0,
      0.0,
      0.0,
      0.0,
      0.0,
      0.0,
      0.0,
      0.0,
      0.0,
      0.0,
      0.0,
      17.0
    ],
    "gamma": 1.0,
    "horizon": 60,
    "num_rollouts": 50,
    "success_rate": 0.12
  },
  "200demos_epoch20": {
    "mean_return": 2.0999999046325684,
    "std_return": 5.231634616851807,
    "per_rollout_returns": [
      0.0,
      0.0,
      0.0,
      0.0,
      13.0,
      0.0,
      0.0,
      0.0,
      0.0,
      0.0,
      0.0,
      14.0,
      0.0,
      0.0,
      17.0,
      0.0,
      0.0,
      0.0,
      0.0,
      0.0,
      0.0,
      0.0,
      0.0,
      0.0,
      23.0,
      6.0,
      0.0,
      0.0,
      0.0,
      0.0,
      0.0,
      0.0,
      15.0,
      0.0,
      0.0,
      0.0,
      0.0,
      0.0,
      0.0,
      8.0,
      0.0,
      0.0,
      0.0,
      0.0,
      9.0,
      0.0,
      0.0,
      0.0,
      0.0,
      0.0
    ],
    "gamma": 1.0,
    "horizon": 60,
    "num_rollouts": 50,
    "success_rate": 0.16
  },
  "100demos_epoch20": {
    "mean_return": 4.079999923706055,
    "std_return": 6.831808090209961,
    "per_rollout_returns": [
      15.0,
      0.0,
      0.0,
      0.0,
      0.0,
      13.0,
      0.0,
      0.0,
      17.0,
      0.0,
      0.0,
      0.0,
      11.0,
      0.0,
      0.0,
      0.0,
      0.0,
      0.0,
      0.0,
      0.0,
      21.0,
      0.0,
      10.0,
      0.0,
      0.0,
      7.0,
      0.0,
      13.0,
      14.0,
      0.0,
      0.0,
      17.0,
      0.0,
      0.0,
      15.0,
      0.0,
      0.0,
      0.0,
      0.0,
      0.0,
      0.0,
      0.0,
      20.0,
      0.0,
      0.0,
      18.0,
      0.0,
      13.0,
      0.0,
      0.0
    ],
    "gamma": 1.0,
    "horizon": 60,
    "num_rollouts": 50,
    "success_rate": 0.28
  },
  "test_checkpoint": {
    "mean_return": 6.78000020980835,
    "std_return": 7.869662761688232,
    "per_rollout_returns": [
      3.0,
      0.0,
      24.0,
      9.0,
      0.0,
      9.0,
      0.0,
      0.0,
      0.0,
      0.0,
      0.0,
      0.0,
      0.0,
      0.0,
      2.0,
      0.0,
      19.0,
      4.0,
      0.0,
      11.0,
      17.0,
      0.0,
      20.0,
      9.0,
      12.0,
      19.0,
      0.0,
      16.0,
      9.0,
      16.0,
      19.0,
      0.0,
      10.0,
      0.0,
      16.0,
      22.0,
      0.0,
      0.0,
      0.0,
      0.0,
      11.0,
      0.0,
      1.0,
      11.0,
      10.0,
      14.0,
      3.0,
      0.0,
      23.0,
      0.0
    ],
    "gamma": 1.0,
    "horizon": 60,
    "num_rollouts": 50,
    "success_rate": 0.54
  },
  "50demos_epoch20": {
    "mean_return": 7.900000095367432,
    "std_return": 9.220087051391602,
    "per_rollout_returns": [
      15.0,
      0.0,
      0.0,
      0.0,
      0.0,
      1.0,
      0.0,
      18.0,
      20.0,
      20.0,
      0.0,
      16.0,
      0.0,
      16.0,
      19.0,
      10.0,
      10.0,
      0.0,
      13.0,
      18.0,
      11.0,
      2.0,
      0.0,
      0.0,
      13.0,
      20.0,
      1.0,
      15.0,
      15.0,
      26.0,
      0.0,
      0.0,
      0.0,
      0.0,
      18.0,
      24.0,
      0.0,
      2.0,
      25.0,
      0.0,
      0.0,
      0.0,
      0.0,
      23.0,
      0.0,
      0.0,
      0.0,
      0.0,
      24.0,
      0.0
    ],
    "gamma": 1.0,
    "horizon": 60,
    "num_rollouts": 50,
    "success_rate": 0.52
  },
  "10demos_epoch30": {
    "mean_return": 9.079999923706055,
    "std_return": 7.7248687744140625,
    "per_rollout_returns": [
      0.0,
      16.0,
      16.0,
      17.0,
      7.0,
      0.0,
      5.0,
      0.0,
      16.0,
      12.0,
      18.0,
      17.0,
      6.0,
      0.0,
      0.0,
      4.0,
      16.0,
      7.0,
      13.0,
      0.0,
      0.0,
      6.0,
      19.0,
      20.0,
      10.0,
      6.0,
      16.0,
      21.0,
      24.0,
      11.0,
      0.0,
      16.0,
      12.0,
      0.0,
      0.0,
      0.0,
      14.0,
      0.0,
      0.0,
      8.0,
      3.0,
      21.0,
      20.0,
      10.0,
      13.0,
      15.0,
      0.0,
      0.0,
      19.0,
      0.0
    ],
    "gamma": 1.0,
    "horizon": 60,
    "num_rollouts": 50,
    "success_rate": 0.7
  },
  "100demos_epoch30": {
    "mean_return": 9.819999694824219,
    "std_return": 8.837850570678711,
    "per_rollout_returns": [
      16.0,
      5.0,
      12.0,
      0.0,
      23.0,
      19.0,
      11.0,
      0.0,
      23.0,
      0.0,
      16.0,
      21.0,
      8.0,
      17.0,
      2.0,
      11.0,
      0.0,
      16.0,
      22.0,
      5.0,
      18.0,
      0.0,
      18.0,
      20.0,
      0.0,
      0.0,
      17.0,
      13.0,
      22.0,
      21.0,
      18.0,
      0.0,
      0.0,
      0.0,
      0.0,
      0.0,
      0.0,
      19.0,
      17.0,
      0.0,
      0.0,
      17.0,
      8.0,
      0.0,
      0.0,
      0.0,
      22.0,
      0.0,
      18.0,
      16.0
    ],
    "gamma": 1.0,
    "horizon": 60,
    "num_rollouts": 50,
    "success_rate": 0.62
  },
  "50demos_epoch30": {
    "mean_return": 16.31999969482422,
    "std_return": 6.6043620109558105,
    "per_rollout_returns": [
      16.0,
      19.0,
      16.0,
      23.0,
      14.0,
      21.0,
      0.0,
      10.0,
      3.0,
      16.0,
      16.0,
      24.0,
      15.0,
      21.0,
      0.0,
      22.0,
      21.0,
      14.0,
      21.0,
      0.0,
      21.0,
      11.0,
      12.0,
      23.0,
      17.0,
      21.0,
      16.0,
      23.0,
      12.0,
      22.0,
      6.0,
      18.0,
      13.0,
      23.0,
      18.0,
      18.0,
      22.0,
      19.0,
      19.0,
      15.0,
      15.0,
      13.0,
      21.0,
      21.0,
      18.0,
      26.0,
      21.0,
      19.0,
      0.0,
      21.0
    ],
    "gamma": 1.0,
    "horizon": 60,
    "num_rollouts": 50,
    "success_rate": 0.92
  },
  "50demos_epoch40": {
    "mean_return": 13.100000381469727,